Date,commodity,unit,minimum,maximum,average_price
2022-01-01,Tomato_Indian,केजी,101.0,101.0,101.0
2022-01-02,Tomato_Indian,केजी,110.0,120.0,115.0
2022-01-03,Tomato_Indian,केजी,90.0,100.0,95.0
2022-01-04,Tomato_Indian,केजी,90.0,100.0,96.67
2022-01-05,Tomato_Indian,केजी,80.0,90.0,86.67
2022-01-06,Tomato_Indian,केजी,90.0,100.0,96.67
2022-01-07,Tomato_Indian,केजी,90.0,100.0,96.67
2022-01-08,Tomato_Indian,केजी,70.0,80.0,76.67
2022-01-09,Tomato_Indian,केजी,70.0,80.0,75.0
2022-01-10,Tomato_Indian,केजी,70.0,80.0,76.67
2022-01-11,Tomato_Indian,केजी,70.0,80.0,76.67
2022-01-12,Tomato_Indian,केजी,70.0,80.0,76.67
2022-01-13,Tomato_Indian,केजी,70.0,80.0,76.67
2022-01-14,Tomato_Indian,केजी,70.0,80.0,76.67
2022-01-15,Tomato_Indian,केजी,70.0,80.0,76.67
2022-01-16,Tomato_Indian,केजी,60.0,70.0,66.67
2022-01-17,Tomato_Indian,केजी,60.0,70.0,66.67
2022-01-18,Tomato_Indian,केजी,60.0,70.0,65.0
2022-01-19,Tomato_Indian,केजी,60.0,70.0,66.67
2022-01-20,Tomato_Indian,केजी,50.0,60.0,56.67
2022-01-21,Tomato_Indian,केजी,50.0,60.0,56.67
2022-01-22,Tomato_Indian,केजी,50.0,60.0,55.0
2022-01-23,Tomato_Indian,केजी,50.0,60.0,55.0
2022-01-24,Tomato_Indian,केजी,50.0,60.0,56.67
2022-01-25,Tomato_Indian,केजी,50.0,60.0,55.0
2022-01-26,Tomato_Indian,केजी,50.0,60.0,56.67
2022-01-27,Tomato_Indian,केजी,50.0,60.0,56.67
2022-01-28,Tomato_Indian,केजी,50.0,60.0,55.0
2022-01-29,Tomato_Indian,केजी,60.0,70.0,65.0
2022-01-30,Tomato_Indian,केजी,60.0,70.0,65.0
2022-01-31,Tomato_Indian,केजी,60.0,70.0,66.67
2022-02-01,Tomato_Indian,केजी,50.0,60.0,56.67
2022-02-02,Tomato_Indian,केजी,50.0,60.0,56.67
2022-02-03,Tomato_Indian,केजी,60.0,70.0,65.0
2022-02-04,Tomato_Indian,केजी,70.0,80.0,76.67
2022-02-05,Tomato_Indian,केजी,70.0,80.0,76.67
2022-02-06,Tomato_Indian,केजी,70.0,80.0,75.0
2022-02-07,Tomato_Indian,केजी,70.0,80.0,75.0
2022-02-08,Tomato_Indian,केजी,70.0,80.0,76.67
2022-02-09,Tomato_Indian,केजी,80.0,90.0,86.67
2022-02-10,Tomato_Indian,केजी,70.0,80.0,76.67
2022-02-11,Tomato_Indian,केजी,70.0,80.0,76.67
2022-02-12,Tomato_Indian,केजी,70.0,80.0,76.67
2022-02-13,Tomato_Indian,केजी,60.0,70.0,65.0
2022-02-14,Tomato_Indian,केजी,70.0,80.0,76.67
2022-02-15,Tomato_Indian,केजी,70.0,80.0,76.67
2022-02-16,Tomato_Indian,केजी,70.0,80.0,76.67
2022-02-17,Tomato_Indian,केजी,70.0,80.0,76.67
2022-02-18,Tomato_Indian,केजी,70.0,80.0,76.67
2022-02-19,Tomato_Indian,केजी,70.0,80.0,76.67
2022-02-20,Tomato_Indian,केजी,70.0,80.0,75.0
2022-02-21,Tomato_Indian,केजी,70.0,80.0,75.0
2022-02-22,Tomato_Indian,केजी,60.0,70.0,65.0
2022-02-23,Tomato_Indian,केजी,60.0,70.0,65.0
2022-02-24,Tomato_Indian,केजी,60.0,70.0,65.0
2022-02-25,Tomato_Indian,केजी,60.0,70.0,65.0
2022-02-27,Tomato_Indian,केजी,50.0,60.0,55.0
2022-02-28,Tomato_Indian,केजी,60.0,70.0,66.67
2022-03-01,Tomato_Indian,केजी,60.0,70.0,66.67
2022-03-02,Tomato_Indian,केजी,50.0,60.0,56.67
2022-03-03,Tomato_Indian,केजी,50.0,60.0,56.67
2022-03-05,Tomato_Indian,केजी,60.0,70.0,65.0
2022-03-06,Tomato_Indian,केजी,60.0,70.0,65.0
2022-03-07,Tomato_Indian,केजी,60.0,70.0,65.0
2022-03-08,Tomato_Indian,केजी,50.0,60.0,55.0
2022-03-09,Tomato_Indian,केजी,50.0,60.0,56.67
2022-03-10,Tomato_Indian,केजी,40.0,50.0,46.67
2022-03-11,Tomato_Indian,केजी,50.0,60.0,56.67
2022-03-12,Tomato_Indian,केजी,50.0,60.0,55.0
2022-03-13,Tomato_Indian,केजी,40.0,50.0,45.0
2022-03-14,Tomato_Indian,केजी,50.0,60.0,55.0
2022-03-15,Tomato_Indian,केजी,55.0,65.0,60.0
2022-03-16,Tomato_Indian,केजी,50.0,60.0,56.67
2022-03-17,Tomato_Indian,केजी,50.0,60.0,55.0
2022-03-18,Tomato_Indian,केजी,60.0,70.0,65.0
2022-03-19,Tomato_Indian,केजी,55.0,60.0,57.5
2022-03-20,Tomato_Indian,केजी,55.0,65.0,60.0
2022-03-21,Tomato_Indian,केजी,60.0,70.0,65.0
2022-03-22,Tomato_Indian,केजी,60.0,70.0,65.0
2022-03-23,Tomato_Indian,केजी,65.0,75.0,70.0
2022-03-24,Tomato_Indian,केजी,55.0,65.0,60.0
2022-03-25,Tomato_Indian,केजी,60.0,70.0,65.0
2022-03-26,Tomato_Indian,केजी,60.0,70.0,65.0
2022-03-27,Tomato_Indian,केजी,60.0,70.0,65.0
2022-03-28,Tomato_Indian,केजी,60.0,70.0,66.67
2022-03-29,Tomato_Indian,केजी,50.0,60.0,55.0
2022-03-30,Tomato_Indian,केजी,50.0,60.0,55.0
2022-03-31,Tomato_Indian,केजी,50.0,60.0,56.67
2022-04-01,Tomato_Indian,केजी,50.0,60.0,55.0
2022-04-02,Tomato_Indian,केजी,50.0,60.0,56.67
2022-04-03,Tomato_Indian,केजी,50.0,60.0,55.0
2022-04-04,Tomato_Indian,केजी,50.0,60.0,55.0
2022-04-05,Tomato_Indian,केजी,50.0,60.0,55.0
2022-04-06,Tomato_Indian,केजी,60.0,70.0,65.0
2022-04-07,Tomato_Indian,केजी,60.0,70.0,65.0
2022-04-08,Tomato_Indian,केजी,60.0,70.0,65.0
2022-04-09,Tomato_Indian,केजी,60.0,70.0,65.0
2022-04-10,Tomato_Indian,केजी,70.0,80.0,75.0
2022-04-11,Tomato_Indian,केजी,70.0,80.0,75.0
2022-04-12,Tomato_Indian,केजी,70.0,80.0,75.0
2022-04-13,Tomato_Indian,केजी,50.0,60.0,56.67
2022-04-14,Tomato_Indian,केजी,70.0,80.0,76.67
2022-04-15,Tomato_Indian,केजी,60.0,70.0,66.67
2022-04-16,Tomato_Indian,केजी,60.0,70.0,66.67
2022-04-17,Tomato_Indian,केजी,50.0,60.0,55.0
2022-04-18,Tomato_Indian,केजी,60.0,70.0,65.0
2022-04-19,Tomato_Indian,केजी,70.0,80.0,76.67
2022-04-20,Tomato_Indian,केजी,50.0,60.0,56.67
2022-04-21,Tomato_Indian,केजी,60.0,70.0,65.0
2022-04-22,Tomato_Indian,केजी,50.0,60.0,56.67
2022-04-23,Tomato_Indian,केजी,70.0,80.0,76.67
2022-04-24,Tomato_Indian,केजी,50.0,60.0,55.0
2022-04-25,Tomato_Indian,केजी,80.0,90.0,86.67
2022-04-26,Tomato_Indian,केजी,70.0,80.0,76.67
2022-04-27,Tomato_Indian,केजी,60.0,70.0,63.33
2022-04-28,Tomato_Indian,केजी,60.0,70.0,66.67
2022-04-29,Tomato_Indian,केजी,60.0,70.0,66.67
2022-04-30,Tomato_Indian,केजी,60.0,70.0,66.67
2022-05-01,Tomato_Indian,केजी,60.0,70.0,66.67
2022-05-02,Tomato_Indian,केजी,70.0,80.0,75.0
2022-05-03,Tomato_Indian,केजी,80.0,90.0,86.67
2022-05-04,Tomato_Indian,केजी,70.0,80.0,76.67
2022-05-05,Tomato_Indian,केजी,80.0,90.0,85.0
2022-05-06,Tomato_Indian,केजी,90.0,100.0,96.67
2022-05-07,Tomato_Indian,केजी,80.0,90.0,86.67
2022-05-08,Tomato_Indian,केजी,70.0,80.0,75.0
2022-05-09,Tomato_Indian,केजी,90.0,100.0,96.67
2022-05-10,Tomato_Indian,केजी,90.0,100.0,96.67
2022-05-11,Tomato_Indian,केजी,60.0,70.0,65.0
2022-05-12,Tomato_Indian,केजी,80.0,90.0,86.67
2022-05-14,Tomato_Indian,केजी,90.0,100.0,96.67
2022-05-15,Tomato_Indian,केजी,110.0,130.0,120.0
2022-05-16,Tomato_Indian,केजी,90.0,100.0,95.0
2022-05-17,Tomato_Indian,केजी,100.0,120.0,110.0
2022-05-18,Tomato_Indian,केजी,100.0,110.0,106.67
2022-05-19,Tomato_Indian,केजी,110.0,120.0,115.0
2022-05-20,Tomato_Indian,केजी,110.0,120.0,115.0
2022-05-21,Tomato_Indian,केजी,110.0,120.0,116.67
2022-05-22,Tomato_Indian,केजी,100.0,110.0,105.0
2022-05-23,Tomato_Indian,केजी,120.0,130.0,125.0
2022-05-24,Tomato_Indian,केजी,100.0,120.0,110.0
2022-05-25,Tomato_Indian,केजी,100.0,110.0,105.0
2022-05-26,Tomato_Indian,केजी,100.0,110.0,105.0
2022-05-27,Tomato_Indian,केजी,100.0,110.0,105.0
2022-05-28,Tomato_Indian,केजी,110.0,120.0,116.67
2022-05-29,Tomato_Indian,केजी,120.0,130.0,125.0
2022-05-30,Tomato_Indian,केजी,130.0,140.0,135.0
2022-05-31,Tomato_Indian,केजी,110.0,120.0,115.0
2022-06-01,Tomato_Indian,केजी,120.0,130.0,125.0
2022-06-02,Tomato_Indian,केजी,120.0,130.0,125.0
2022-06-03,Tomato_Indian,केजी,100.0,110.0,105.0
2022-06-04,Tomato_Indian,केजी,100.0,110.0,105.0
2022-06-05,Tomato_Indian,केजी,90.0,100.0,95.0
2022-06-06,Tomato_Indian,केजी,90.0,100.0,94.0
2022-06-07,Tomato_Indian,केजी,100.0,110.0,105.0
2022-06-08,Tomato_Indian,केजी,70.0,80.0,75.0
2022-06-09,Tomato_Indian,केजी,70.0,80.0,75.0
2022-06-10,Tomato_Indian,केजी,70.0,80.0,75.0
2022-06-11,Tomato_Indian,केजी,70.0,80.0,75.0
2022-06-12,Tomato_Indian,केजी,80.0,90.0,85.0
2022-06-13,Tomato_Indian,केजी,90.0,100.0,95.0
2022-06-14,Tomato_Indian,केजी,80.0,90.0,85.0
2022-06-15,Tomato_Indian,केजी,80.0,90.0,85.0
2022-06-16,Tomato_Indian,केजी,80.0,90.0,85.0
2022-06-17,Tomato_Indian,केजी,80.0,90.0,86.67
2022-06-18,Tomato_Indian,केजी,80.0,100.0,90.0
2022-06-19,Tomato_Indian,केजी,80.0,90.0,85.0
2022-06-20,Tomato_Indian,केजी,100.0,120.0,110.0
2022-06-21,Tomato_Indian,केजी,100.0,120.0,110.0
2022-06-22,Tomato_Indian,केजी,90.0,100.0,96.67
2022-06-23,Tomato_Indian,केजी,90.0,100.0,96.67
2022-06-24,Tomato_Indian,केजी,90.0,100.0,96.67
2022-06-25,Tomato_Indian,केजी,90.0,100.0,95.0
2022-06-26,Tomato_Indian,केजी,90.0,100.0,95.0
2022-06-27,Tomato_Indian,केजी,110.0,120.0,115.0
2022-06-29,Tomato_Indian,केजी,110.0,120.0,115.0
2022-06-30,Tomato_Indian,केजी,110.0,120.0,116.67
2022-07-01,Tomato_Indian,केजी,110.0,120.0,116.67
2022-07-02,Tomato_Indian,केजी,110.0,120.0,116.67
2022-07-03,Tomato_Indian,केजी,110.0,120.0,115.0
2022-07-04,Tomato_Indian,केजी,110.0,120.0,115.0
2022-07-05,Tomato_Indian,केजी,90.0,100.0,95.0
2022-07-06,Tomato_Indian,केजी,90.0,100.0,95.0
2022-07-07,Tomato_Indian,केजी,90.0,100.0,95.0
2022-07-08,Tomato_Indian,केजी,80.0,90.0,86.67
2022-07-09,Tomato_Indian,केजी,70.0,80.0,73.33
2022-07-10,Tomato_Indian,केजी,70.0,80.0,75.0
2022-07-11,Tomato_Indian,केजी,70.0,80.0,75.0
2022-07-12,Tomato_Indian,केजी,60.0,70.0,66.67
2022-07-13,Tomato_Indian,केजी,50.0,60.0,54.0
2022-07-14,Tomato_Indian,केजी,50.0,60.0,55.0
2022-07-16,Tomato_Indian,केजी,55.0,60.0,58.0
2022-07-17,Tomato_Indian,केजी,55.0,65.0,60.0
2022-07-18,Tomato_Indian,केजी,60.0,70.0,66.67
2022-07-19,Tomato_Indian,केजी,60.0,70.0,65.0
2022-07-20,Tomato_Indian,केजी,60.0,70.0,66.67
2022-07-21,Tomato_Indian,केजी,60.0,70.0,66.67
2022-07-22,Tomato_Indian,केजी,70.0,80.0,76.67
2022-07-23,Tomato_Indian,केजी,60.0,70.0,65.0
2022-07-24,Tomato_Indian,केजी,60.0,70.0,65.0
2022-07-25,Tomato_Indian,केजी,70.0,80.0,76.67
2022-07-26,Tomato_Indian,केजी,70.0,80.0,76.67
2022-07-27,Tomato_Indian,केजी,70.0,80.0,75.0
2022-07-28,Tomato_Indian,केजी,70.0,80.0,75.0
2022-07-29,Tomato_Indian,केजी,70.0,80.0,75.0
2022-07-30,Tomato_Indian,केजी,70.0,80.0,75.0
2022-07-31,Tomato_Indian,केजी,70.0,80.0,75.0
2022-08-01,Tomato_Indian,केजी,40.0,45.0,42.5
2022-08-02,Tomato_Indian,केजी,40.0,45.0,42.5
2022-08-03,Tomato_Indian,केजी,40.0,45.0,42.5
2022-08-04,Tomato_Indian,केजी,40.0,45.0,42.5
2022-08-05,Tomato_Indian,केजी,50.0,60.0,56.0
2022-08-06,Tomato_Indian,केजी,50.0,55.0,52.5
2022-08-07,Tomato_Indian,केजी,50.0,60.0,55.0
2022-08-08,Tomato_Indian,केजी,60.0,70.0,65.0
2022-08-09,Tomato_Indian,केजी,60.0,70.0,65.0
2022-08-10,Tomato_Indian,केजी,60.0,70.0,65.0
2022-08-11,Tomato_Indian,केजी,70.0,80.0,76.67
2022-08-12,Tomato_Indian,केजी,65.0,70.0,67.5
2022-08-13,Tomato_Indian,केजी,60.0,65.0,62.5
2022-08-14,Tomato_Indian,केजी,60.0,65.0,62.33
2022-08-15,Tomato_Indian,केजी,50.0,60.0,55.0
2022-08-16,Tomato_Indian,केजी,50.0,60.0,53.75
2022-08-17,Tomato_Indian,केजी,60.0,65.0,62.5
2022-08-18,Tomato_Indian,केजी,70.0,80.0,75.0
2022-08-19,Tomato_Indian,केजी,55.0,60.0,58.33
2022-08-20,Tomato_Indian,केजी,60.0,70.0,66.67
2022-08-21,Tomato_Indian,केजी,60.0,70.0,65.0
2022-08-22,Tomato_Indian,केजी,50.0,55.0,52.5
2022-08-23,Tomato_Indian,केजी,50.0,60.0,55.0
2022-08-24,Tomato_Indian,केजी,60.0,70.0,65.0
2022-08-25,Tomato_Indian,केजी,70.0,80.0,75.0
2022-08-26,Tomato_Indian,केजी,65.0,75.0,70.0
2022-08-27,Tomato_Indian,केजी,60.0,70.0,65.0
2022-08-28,Tomato_Indian,केजी,60.0,70.0,65.0
2022-08-29,Tomato_Indian,केजी,65.0,70.0,68.33
2022-08-30,Tomato_Indian,केजी,60.0,65.0,63.33
2022-08-31,Tomato_Indian,केजी,60.0,65.0,63.33
2022-09-01,Tomato_Indian,केजी,50.0,55.0,53.33
2022-09-02,Tomato_Indian,केजी,55.0,60.0,58.33
2022-09-03,Tomato_Indian,केजी,50.0,55.0,52.5
2022-09-04,Tomato_Indian,केजी,50.0,60.0,55.0
2022-09-05,Tomato_Indian,केजी,55.0,60.0,57.5
2022-09-06,Tomato_Indian,केजी,55.0,60.0,58.33
2022-09-07,Tomato_Indian,केजी,55.0,60.0,58.33
2022-09-08,Tomato_Indian,केजी,55.0,60.0,57.5
2022-09-09,Tomato_Indian,केजी,55.0,60.0,57.5
2022-09-10,Tomato_Indian,केजी,55.0,60.0,57.5
2022-09-11,Tomato_Indian,केजी,55.0,60.0,57.5
2022-09-12,Tomato_Indian,केजी,50.0,55.0,51.67
2022-09-13,Tomato_Indian,केजी,50.0,55.0,52.5
2022-09-14,Tomato_Indian,केजी,50.0,55.0,51.67
2022-09-15,Tomato_Indian,केजी,50.0,55.0,52.33
2022-09-16,Tomato_Indian,केजी,60.0,70.0,65.0
2022-09-17,Tomato_Indian,केजी,60.0,70.0,65.0
2022-09-18,Tomato_Indian,केजी,60.0,70.0,65.0
2022-09-19,Tomato_Indian,केजी,60.0,70.0,65.0
2022-09-20,Tomato_Indian,केजी,60.0,65.0,63.33
2022-09-21,Tomato_Indian,केजी,60.0,70.0,65.0
2022-09-22,Tomato_Indian,केजी,60.0,70.0,66.67
2022-09-23,Tomato_Indian,केजी,60.0,70.0,65.0
2022-09-24,Tomato_Indian,केजी,60.0,70.0,65.0
2022-09-25,Tomato_Indian,केजी,60.0,70.0,65.0
2022-09-26,Tomato_Indian,केजी,60.0,70.0,65.0
2022-09-27,Tomato_Indian,केजी,60.0,70.0,65.0
2022-09-28,Tomato_Indian,केजी,60.0,70.0,65.0
2022-09-29,Tomato_Indian,केजी,60.0,70.0,65.0
2022-09-30,Tomato_Indian,केजी,50.0,60.0,55.0
2022-10-01,Tomato_Indian,केजी,60.0,70.0,65.0
2022-10-02,Tomato_Indian,केजी,60.0,70.0,65.0
2022-10-03,Tomato_Indian,केजी,60.0,70.0,65.0
2022-10-04,Tomato_Indian,केजी,60.0,70.0,65.0
2022-10-05,Tomato_Indian,केजी,50.0,60.0,55.0
2022-10-06,Tomato_Indian,केजी,50.0,60.0,55.0
2022-10-07,Tomato_Indian,केजी,60.0,70.0,65.0
2022-10-08,Tomato_Indian,केजी,55.0,60.0,58.33
2022-10-09,Tomato_Indian,केजी,50.0,60.0,55.0
2022-10-10,Tomato_Indian,केजी,60.0,70.0,65.0
2022-10-11,Tomato_Indian,केजी,60.0,70.0,65.0
2022-10-12,Tomato_Indian,केजी,80.0,90.0,86.67
2022-10-13,Tomato_Indian,केजी,90.0,100.0,96.67
2022-10-14,Tomato_Indian,केजी,80.0,90.0,85.0
2022-10-15,Tomato_Indian,केजी,90.0,100.0,95.0
2022-10-16,Tomato_Indian,केजी,90.0,100.0,95.0
2022-10-17,Tomato_Indian,केजी,100.0,110.0,105.0
2022-10-18,Tomato_Indian,केजी,100.0,110.0,105.0
2022-10-19,Tomato_Indian,केजी,80.0,90.0,86.67
2022-10-20,Tomato_Indian,केजी,80.0,90.0,83.33
2022-10-21,Tomato_Indian,केजी,70.0,80.0,76.67
2022-10-22,Tomato_Indian,केजी,80.0,90.0,86.67
2022-10-23,Tomato_Indian,केजी,80.0,90.0,85.0
2022-10-24,Tomato_Indian,केजी,80.0,90.0,86.67
2022-10-25,Tomato_Indian,केजी,70.0,80.0,76.67
2022-10-26,Tomato_Indian,केजी,80.0,90.0,86.67
2022-10-29,Tomato_Indian,केजी,80.0,90.0,86.67
2022-10-30,Tomato_Indian,केजी,90.0,100.0,96.67
2022-10-31,Tomato_Indian,केजी,80.0,90.0,86.67
2022-11-01,Tomato_Indian,केजी,80.0,90.0,86.67
2022-11-02,Tomato_Indian,केजी,70.0,80.0,75.0
2022-11-03,Tomato_Indian,केजी,70.0,80.0,76.67
2022-11-04,Tomato_Indian,केजी,80.0,90.0,86.67
2022-11-05,Tomato_Indian,केजी,80.0,90.0,85.0
2022-11-06,Tomato_Indian,केजी,80.0,90.0,85.0
2022-11-07,Tomato_Indian,केजी,80.0,90.0,86.67
2022-11-08,Tomato_Indian,केजी,80.0,90.0,86.67
2022-11-09,Tomato_Indian,केजी,70.0,80.0,76.67
2022-11-10,Tomato_Indian,केजी,60.0,70.0,66.67
2022-11-11,Tomato_Indian,केजी,60.0,70.0,65.0
2022-11-12,Tomato_Indian,केजी,60.0,70.0,66.67
2022-11-13,Tomato_Indian,केजी,60.0,70.0,65.0
2022-11-14,Tomato_Indian,केजी,60.0,70.0,65.0
2022-11-15,Tomato_Indian,केजी,60.0,70.0,65.0
2022-11-16,Tomato_Indian,केजी,60.0,70.0,65.0
2022-11-17,Tomato_Indian,केजी,60.0,70.0,65.0
2022-11-18,Tomato_Indian,केजी,60.0,70.0,66.67
2022-11-19,Tomato_Indian,केजी,60.0,70.0,65.0
2022-11-21,Tomato_Indian,केजी,60.0,70.0,65.0
2022-11-22,Tomato_Indian,केजी,60.0,70.0,65.0
2022-11-23,Tomato_Indian,केजी,60.0,70.0,65.0
2022-11-24,Tomato_Indian,केजी,60.0,70.0,65.0
2022-11-25,Tomato_Indian,केजी,60.0,70.0,65.0
2022-11-26,Tomato_Indian,केजी,50.0,60.0,55.0
2022-11-27,Tomato_Indian,केजी,50.0,60.0,55.0
2022-11-28,Tomato_Indian,केजी,40.0,50.0,45.0
2022-11-29,Tomato_Indian,केजी,40.0,50.0,45.0
2022-11-30,Tomato_Indian,केजी,40.0,50.0,45.0
2022-12-01,Tomato_Indian,केजी,50.0,60.0,55.0
2022-12-02,Tomato_Indian,केजी,50.0,60.0,56.67
2022-12-03,Tomato_Indian,केजी,60.0,70.0,65.0
2022-12-04,Tomato_Indian,केजी,60.0,70.0,65.0
2022-12-05,Tomato_Indian,केजी,50.0,60.0,55.0
2022-12-06,Tomato_Indian,केजी,50.0,60.0,56.67
2022-12-07,Tomato_Indian,केजी,40.0,50.0,46.67
2022-12-08,Tomato_Indian,केजी,40.0,50.0,45.0
2022-12-09,Tomato_Indian,केजी,50.0,60.0,56.67
2022-12-10,Tomato_Indian,केजी,50.0,60.0,55.0
2022-12-11,Tomato_Indian,केजी,50.0,60.0,55.0
2022-12-12,Tomato_Indian,केजी,40.0,50.0,46.67
2022-12-13,Tomato_Indian,केजी,50.0,60.0,56.67
2022-12-14,Tomato_Indian,केजी,50.0,60.0,55.0
2022-12-15,Tomato_Indian,केजी,50.0,60.0,55.0
2022-12-16,Tomato_Indian,केजी,50.0,60.0,56.67
2022-12-17,Tomato_Indian,केजी,40.0,50.0,45.0
2022-12-18,Tomato_Indian,केजी,40.0,50.0,45.0
2022-12-19,Tomato_Indian,केजी,30.0,40.0,36.67
2022-12-20,Tomato_Indian,केजी,30.0,40.0,36.67
2022-12-21,Tomato_Indian,केजी,30.0,40.0,35.0
2022-12-22,Tomato_Indian,केजी,30.0,40.0,35.0
2022-12-23,Tomato_Indian,केजी,30.0,40.0,35.0
2022-12-24,Tomato_Indian,केजी,30.0,40.0,35.0
2022-12-25,Tomato_Indian,केजी,30.0,40.0,35.0
2022-12-26,Tomato_Indian,केजी,40.0,50.0,46.67
2022-12-27,Tomato_Indian,केजी,30.0,40.0,35.0
2022-12-28,Tomato_Indian,केजी,30.0,40.0,36.67
2022-12-29,Tomato_Indian,केजी,30.0,40.0,36.67
2022-12-30,Tomato_Indian,केजी,40.0,50.0,45.0
2022-12-31,Tomato_Indian,केजी,40.0,50.0,45.0
2023-01-01,Tomato_Indian,केजी,40.0,50.0,45.0
2023-01-02,Tomato_Indian,केजी,30.0,40.0,36.67
2023-01-03,Tomato_Indian,केजी,40.0,50.0,45.0
2023-01-04,Tomato_Indian,केजी,40.0,50.0,46.67
2023-01-05,Tomato_Indian,केजी,40.0,50.0,46.67
2023-01-06,Tomato_Indian,केजी,30.0,40.0,36.67
2023-01-07,Tomato_Indian,केजी,40.0,50.0,45.0
2023-01-08,Tomato_Indian,केजी,40.0,50.0,45.0
2023-01-09,Tomato_Indian,केजी,40.0,50.0,45.0
2023-01-10,Tomato_Indian,केजी,40.0,50.0,46.67
2023-01-11,Tomato_Indian,केजी,40.0,50.0,46.67
2023-01-12,Tomato_Indian,केजी,40.0,50.0,46.67
2023-01-13,Tomato_Indian,केजी,40.0,50.0,46.67
2023-01-14,Tomato_Indian,केजी,40.0,50.0,45.0
2023-01-15,Tomato_Indian,केजी,40.0,50.0,45.0
2023-01-16,Tomato_Indian,केजी,40.0,50.0,45.0
2023-01-17,Tomato_Indian,केजी,40.0,50.0,46.67
2023-01-18,Tomato_Indian,केजी,40.0,50.0,46.67
2023-01-19,Tomato_Indian,केजी,50.0,60.0,56.67
2023-01-20,Tomato_Indian,केजी,50.0,60.0,56.67
2023-01-21,Tomato_Indian,केजी,50.0,60.0,55.0
2023-01-22,Tomato_Indian,केजी,50.0,60.0,55.0
2023-01-23,Tomato_Indian,केजी,50.0,60.0,56.67
2023-01-24,Tomato_Indian,केजी,50.0,60.0,56.67
2023-01-25,Tomato_Indian,केजी,50.0,60.0,56.67
2023-01-26,Tomato_Indian,केजी,50.0,60.0,55.0
2023-01-27,Tomato_Indian,केजी,50.0,60.0,56.67
2023-01-28,Tomato_Indian,केजी,50.0,60.0,56.0
2023-01-29,Tomato_Indian,केजी,50.0,60.0,55.0
2023-01-30,Tomato_Indian,केजी,40.0,50.0,46.0
2023-01-31,Tomato_Indian,केजी,40.0,50.0,46.67
2023-02-01,Tomato_Indian,केजी,40.0,50.0,46.67
2023-02-02,Tomato_Indian,केजी,40.0,50.0,46.67
2023-02-03,Tomato_Indian,केजी,40.0,50.0,46.67
2023-02-04,Tomato_Indian,केजी,40.0,50.0,45.0
2023-02-05,Tomato_Indian,केजी,40.0,50.0,45.0
2023-02-06,Tomato_Indian,केजी,40.0,50.0,46.67
2023-02-07,Tomato_Indian,केजी,40.0,50.0,46.67
2023-02-08,Tomato_Indian,केजी,40.0,50.0,45.0
2023-02-09,Tomato_Indian,केजी,40.0,50.0,45.0
2023-02-10,Tomato_Indian,केजी,40.0,50.0,46.67
2023-02-11,Tomato_Indian,केजी,40.0,50.0,46.67
2023-02-12,Tomato_Indian,केजी,40.0,50.0,45.0
2023-02-13,Tomato_Indian,केजी,50.0,60.0,56.67
2023-02-14,Tomato_Indian,केजी,50.0,60.0,55.0
2023-02-15,Tomato_Indian,केजी,50.0,60.0,56.67
2023-02-16,Tomato_Indian,केजी,50.0,60.0,56.67
2023-02-17,Tomato_Indian,केजी,40.0,50.0,45.0
2023-02-18,Tomato_Indian,केजी,38.0,45.0,41.0
2023-02-19,Tomato_Indian,केजी,35.0,40.0,37.67
2023-02-20,Tomato_Indian,केजी,40.0,50.0,45.0
2023-02-21,Tomato_Indian,केजी,35.0,40.0,38.33
2023-02-22,Tomato_Indian,केजी,50.0,60.0,56.67
2023-02-23,Tomato_Indian,केजी,50.0,60.0,56.67
2023-02-24,Tomato_Indian,केजी,50.0,60.0,56.67
2023-02-25,Tomato_Indian,केजी,50.0,60.0,56.67
2023-02-26,Tomato_Indian,केजी,50.0,60.0,55.0
2023-02-27,Tomato_Indian,केजी,50.0,60.0,55.0
2023-02-28,Tomato_Indian,केजी,50.0,60.0,56.67
2023-03-01,Tomato_Indian,केजी,50.0,60.0,55.0
2023-03-02,Tomato_Indian,केजी,50.0,60.0,55.0
2023-03-03,Tomato_Indian,केजी,40.0,50.0,45.0
2023-03-05,Tomato_Indian,केजी,40.0,50.0,45.0
2023-03-06,Tomato_Indian,केजी,40.0,50.0,46.67
2023-03-07,Tomato_Indian,केजी,50.0,60.0,56.67
2023-03-08,Tomato_Indian,केजी,50.0,60.0,56.67
2023-03-09,Tomato_Indian,केजी,60.0,70.0,65.0
2023-03-10,Tomato_Indian,केजी,60.0,70.0,66.67
2023-03-11,Tomato_Indian,केजी,60.0,70.0,66.67
2023-03-12,Tomato_Indian,केजी,60.0,70.0,65.0
2023-03-13,Tomato_Indian,केजी,60.0,70.0,66.67
2023-03-14,Tomato_Indian,केजी,40.0,50.0,46.67
2023-03-15,Tomato_Indian,केजी,40.0,50.0,46.67
2023-03-16,Tomato_Indian,केजी,50.0,60.0,56.67
2023-03-17,Tomato_Indian,केजी,50.0,60.0,55.0
2023-03-18,Tomato_Indian,केजी,50.0,60.0,56.67
2023-03-19,Tomato_Indian,केजी,50.0,60.0,55.0
2023-03-20,Tomato_Indian,केजी,50.0,60.0,56.67
2023-03-21,Tomato_Indian,केजी,50.0,60.0,56.67
2023-03-22,Tomato_Indian,केजी,50.0,60.0,56.67
2023-03-23,Tomato_Indian,केजी,50.0,60.0,56.67
2023-03-24,Tomato_Indian,केजी,50.0,60.0,56.67
2023-03-25,Tomato_Indian,केजी,50.0,60.0,56.67
2023-03-26,Tomato_Indian,केजी,40.0,50.0,45.0
2023-03-27,Tomato_Indian,केजी,40.0,50.0,45.0
2023-03-28,Tomato_Indian,केजी,40.0,50.0,45.0
2023-03-29,Tomato_Indian,केजी,50.0,60.0,55.0
2023-03-30,Tomato_Indian,केजी,40.0,50.0,45.0
2023-03-31,Tomato_Indian,केजी,40.0,50.0,45.0
2023-04-01,Tomato_Indian,केजी,40.0,50.0,45.0
2023-04-02,Tomato_Indian,केजी,50.0,60.0,55.0
2023-04-03,Tomato_Indian,केजी,60.0,70.0,65.0
2023-04-04,Tomato_Indian,केजी,60.0,70.0,65.0
2023-04-05,Tomato_Indian,केजी,60.0,70.0,65.0
2023-04-06,Tomato_Indian,केजी,60.0,70.0,65.0
2023-04-07,Tomato_Indian,केजी,60.0,70.0,65.0
2023-04-08,Tomato_Indian,केजी,50.0,60.0,55.0
2023-04-09,Tomato_Indian,केजी,50.0,60.0,55.0
2023-04-10,Tomato_Indian,केजी,50.0,60.0,55.0
2023-04-11,Tomato_Indian,केजी,50.0,60.0,55.0
2023-04-12,Tomato_Indian,केजी,50.0,60.0,55.0
2023-04-13,Tomato_Indian,केजी,50.0,60.0,55.0
2023-04-14,Tomato_Indian,केजी,50.0,60.0,55.0
2023-04-15,Tomato_Indian,केजी,50.0,60.0,55.0
2023-04-16,Tomato_Indian,केजी,50.0,60.0,55.0
2023-04-17,Tomato_Indian,केजी,40.0,50.0,45.0
2023-04-18,Tomato_Indian,केजी,50.0,60.0,55.0
2023-04-19,Tomato_Indian,केजी,50.0,60.0,55.0
2023-04-20,Tomato_Indian,केजी,50.0,60.0,55.0
2023-04-21,Tomato_Indian,केजी,50.0,60.0,55.0
2023-04-22,Tomato_Indian,केजी,50.0,60.0,55.0
2023-04-23,Tomato_Indian,केजी,50.0,60.0,55.0
2023-04-24,Tomato_Indian,केजी,50.0,60.0,55.0
2023-04-25,Tomato_Indian,केजी,50.0,60.0,55.0
2023-04-26,Tomato_Indian,केजी,50.0,60.0,55.0
2023-04-27,Tomato_Indian,केजी,50.0,60.0,55.0
2023-04-28,Tomato_Indian,केजी,50.0,60.0,55.0
2023-04-29,Tomato_Indian,केजी,50.0,60.0,55.0
2023-04-30,Tomato_Indian,केजी,50.0,60.0,55.0
2023-05-01,Tomato_Indian,केजी,40.0,50.0,45.0
2023-05-02,Tomato_Indian,केजी,50.0,60.0,55.0
2023-05-03,Tomato_Indian,केजी,50.0,60.0,56.67
2023-05-04,Tomato_Indian,केजी,50.0,60.0,56.67
2023-05-05,Tomato_Indian,केजी,50.0,60.0,55.0
2023-05-06,Tomato_Indian,केजी,50.0,60.0,55.0
2023-05-07,Tomato_Indian,केजी,50.0,60.0,55.0
2023-05-08,Tomato_Indian,केजी,50.0,60.0,55.0
2023-05-09,Tomato_Indian,केजी,50.0,60.0,56.67
2023-05-10,Tomato_Indian,केजी,50.0,60.0,56.67
2023-05-11,Tomato_Indian,केजी,60.0,70.0,65.0
2023-05-12,Tomato_Indian,केजी,60.0,70.0,65.0
2023-05-13,Tomato_Indian,केजी,60.0,70.0,66.67
2023-05-14,Tomato_Indian,केजी,50.0,60.0,55.0
2023-05-15,Tomato_Indian,केजी,60.0,70.0,65.0
2023-05-16,Tomato_Indian,केजी,60.0,70.0,65.0
2023-05-17,Tomato_Indian,केजी,60.0,70.0,65.0
2023-05-18,Tomato_Indian,केजी,60.0,70.0,65.0
2023-05-19,Tomato_Indian,केजी,60.0,70.0,66.67
2023-05-20,Tomato_Indian,केजी,60.0,70.0,66.67
2023-05-21,Tomato_Indian,केजी,50.0,60.0,55.0
2023-05-22,Tomato_Indian,केजी,50.0,60.0,56.67
2023-05-23,Tomato_Indian,केजी,50.0,60.0,55.0
2023-05-24,Tomato_Indian,केजी,50.0,60.0,56.67
2023-05-25,Tomato_Indian,केजी,50.0,60.0,56.67
2023-05-26,Tomato_Indian,केजी,50.0,60.0,55.0
2023-05-27,Tomato_Indian,केजी,50.0,60.0,55.0
2023-05-28,Tomato_Indian,केजी,40.0,50.0,45.0
2023-05-29,Tomato_Indian,केजी,50.0,60.0,55.0
2023-05-30,Tomato_Indian,केजी,50.0,60.0,55.0
2023-05-31,Tomato_Indian,केजी,40.0,50.0,46.67
2023-06-01,Tomato_Indian,केजी,40.0,50.0,46.67
2023-06-02,Tomato_Indian,केजी,40.0,50.0,45.0
2023-06-03,Tomato_Indian,केजी,30.0,40.0,35.0
2023-06-04,Tomato_Indian,केजी,30.0,40.0,35.0
2023-06-05,Tomato_Indian,केजी,30.0,40.0,36.67
2023-06-06,Tomato_Indian,केजी,40.0,50.0,46.67
2023-06-07,Tomato_Indian,केजी,40.0,50.0,46.67
2023-06-08,Tomato_Indian,केजी,40.0,50.0,46.67
2023-06-09,Tomato_Indian,केजी,60.0,70.0,66.67
2023-06-10,Tomato_Indian,केजी,50.0,60.0,56.67
2023-06-11,Tomato_Indian,केजी,50.0,60.0,55.0
2023-06-12,Tomato_Indian,केजी,50.0,60.0,55.0
2023-06-13,Tomato_Indian,केजी,40.0,50.0,45.0
2023-06-14,Tomato_Indian,केजी,40.0,50.0,45.0
2023-06-15,Tomato_Indian,केजी,40.0,50.0,46.67
2023-06-16,Tomato_Indian,केजी,50.0,60.0,56.67
2023-06-17,Tomato_Indian,केजी,50.0,60.0,53.75
2023-06-18,Tomato_Indian,केजी,40.0,50.0,45.0
2023-06-19,Tomato_Indian,केजी,40.0,50.0,45.0
2023-06-20,Tomato_Indian,केजी,35.0,45.0,40.0
2023-06-21,Tomato_Indian,केजी,35.0,45.0,40.0
2023-06-22,Tomato_Indian,केजी,40.0,45.0,42.5
2023-06-23,Tomato_Indian,केजी,50.0,60.0,55.0
2023-06-25,Tomato_Indian,केजी,40.0,50.0,45.0
2023-08-21,Tomato_Indian,केजी,150.0,160.0,155.0
2023-08-22,Tomato_Indian,केजी,140.0,160.0,150.0
2023-08-23,Tomato_Indian,केजी,130.0,150.0,140.0
2023-08-24,Tomato_Indian,केजी,140.0,160.0,150.0
2023-08-25,Tomato_Indian,केजी,100.0,110.0,105.0
2023-08-26,Tomato_Indian,केजी,100.0,110.0,105.0
2023-08-27,Tomato_Indian,केजी,90.0,100.0,95.0
2023-08-28,Tomato_Indian,केजी,80.0,90.0,85.0
2023-08-29,Tomato_Indian,केजी,70.0,80.0,75.0
2023-08-30,Tomato_Indian,केजी,70.0,80.0,75.0
2023-08-31,Tomato_Indian,केजी,100.0,110.0,105.0
2023-09-01,Tomato_Indian,केजी,100.0,110.0,106.67
2023-09-02,Tomato_Indian,केजी,90.0,100.0,95.0
2023-09-03,Tomato_Indian,केजी,75.0,85.0,80.0
2023-09-04,Tomato_Indian,केजी,70.0,80.0,75.0
2023-09-05,Tomato_Indian,केजी,55.0,65.0,60.0
2023-09-06,Tomato_Indian,केजी,50.0,60.0,55.0
2023-09-07,Tomato_Indian,केजी,55.0,65.0,60.0
2023-09-08,Tomato_Indian,केजी,40.0,50.0,45.0
2023-09-09,Tomato_Indian,केजी,40.0,50.0,45.0
2023-09-10,Tomato_Indian,केजी,40.0,50.0,45.0
2023-09-11,Tomato_Indian,केजी,40.0,50.0,45.0
2023-09-12,Tomato_Indian,केजी,45.0,55.0,50.0
2023-09-13,Tomato_Indian,केजी,40.0,45.0,42.5
2023-09-14,Tomato_Indian,केजी,40.0,50.0,45.0
2023-09-15,Tomato_Indian,केजी,40.0,50.0,46.0
2023-09-16,Tomato_Indian,केजी,50.0,60.0,55.0
2023-09-17,Tomato_Indian,केजी,50.0,60.0,55.0
2023-09-18,Tomato_Indian,केजी,48.0,55.0,50.75
2023-09-19,Tomato_Indian,केजी,40.0,50.0,45.0
2023-09-20,Tomato_Indian,केजी,40.0,50.0,45.0
2023-09-21,Tomato_Indian,केजी,40.0,50.0,45.0
2023-09-22,Tomato_Indian,केजी,35.0,45.0,40.0
2023-09-23,Tomato_Indian,केजी,35.0,45.0,39.0
2023-09-24,Tomato_Indian,केजी,35.0,45.0,40.0
2023-09-25,Tomato_Indian,केजी,30.0,35.0,32.5
2023-09-26,Tomato_Indian,केजी,35.0,45.0,40.0
2023-09-27,Tomato_Indian,केजी,35.0,45.0,40.0
2023-09-28,Tomato_Indian,केजी,40.0,50.0,45.0
2023-09-29,Tomato_Indian,केजी,40.0,50.0,43.75
2023-09-30,Tomato_Indian,केजी,40.0,50.0,44.0
2023-10-01,Tomato_Indian,केजी,40.0,50.0,45.0
2023-10-02,Tomato_Indian,केजी,40.0,50.0,45.0
2023-10-03,Tomato_Indian,केजी,40.0,46.0,43.2
2023-10-04,Tomato_Indian,केजी,40.0,50.0,45.0
2023-10-05,Tomato_Indian,केजी,35.0,45.0,40.0
2023-10-06,Tomato_Indian,केजी,40.0,45.0,42.0
2023-10-07,Tomato_Indian,केजी,40.0,45.0,42.5
2023-10-08,Tomato_Indian,केजी,40.0,45.0,42.33
2023-10-09,Tomato_Indian,केजी,35.0,40.0,37.5
2023-10-10,Tomato_Indian,केजी,30.0,40.0,35.0
2023-10-11,Tomato_Indian,केजी,35.0,40.0,37.5
2023-10-12,Tomato_Indian,केजी,30.0,35.0,32.5
2023-10-13,Tomato_Indian,केजी,30.0,35.0,32.5
2023-10-14,Tomato_Indian,केजी,30.0,35.0,33.33
2023-10-15,Tomato_Indian,केजी,35.0,40.0,37.67
2023-10-16,Tomato_Indian,केजी,30.0,40.0,34.0
2023-10-17,Tomato_Indian,केजी,28.0,35.0,31.6
2023-10-18,Tomato_Indian,केजी,32.0,40.0,36.0
2023-10-19,Tomato_Indian,केजी,30.0,40.0,35.0
2023-10-20,Tomato_Indian,केजी,30.0,36.0,33.67
2023-10-21,Tomato_Indian,केजी,35.0,40.0,38.0
2023-10-22,Tomato_Indian,केजी,40.0,50.0,45.0
2023-10-23,Tomato_Indian,केजी,40.0,50.0,46.25
2023-10-24,Tomato_Indian,केजी,45.0,55.0,50.0
2023-10-25,Tomato_Indian,केजी,48.0,55.0,50.75
2023-10-26,Tomato_Indian,केजी,40.0,50.0,45.0
2023-10-27,Tomato_Indian,केजी,40.0,50.0,44.0
2023-10-28,Tomato_Indian,केजी,40.0,50.0,45.0
2023-10-29,Tomato_Indian,केजी,40.0,50.0,45.0
2023-10-30,Tomato_Indian,केजी,45.0,50.0,48.0
2023-10-31,Tomato_Indian,केजी,40.0,50.0,45.0
2023-11-01,Tomato_Indian,केजी,40.0,50.0,45.0
2023-11-02,Tomato_Indian,केजी,45.0,52.0,49.25
2023-11-03,Tomato_Indian,केजी,50.0,56.0,53.75
2023-11-04,Tomato_Indian,केजी,40.0,50.0,45.0
2023-11-05,Tomato_Indian,केजी,45.0,52.0,49.0
2023-11-06,Tomato_Indian,केजी,40.0,50.0,45.0
2023-11-07,Tomato_Indian,केजी,40.0,50.0,45.0
2023-11-08,Tomato_Indian,केजी,45.0,55.0,50.0
2023-11-09,Tomato_Indian,केजी,50.0,60.0,55.0
2023-11-10,Tomato_Indian,केजी,40.0,50.0,45.0
2023-11-11,Tomato_Indian,केजी,40.0,50.0,45.0
2023-11-12,Tomato_Indian,केजी,50.0,60.0,55.0
2023-11-13,Tomato_Indian,केजी,50.0,60.0,55.0
2023-11-14,Tomato_Indian,केजी,60.0,70.0,65.0
2023-11-15,Tomato_Indian,केजी,60.0,70.0,65.0
2023-11-16,Tomato_Indian,केजी,60.0,70.0,65.0
2023-11-17,Tomato_Indian,केजी,60.0,70.0,66.67
2023-11-18,Tomato_Indian,केजी,60.0,70.0,65.0
2023-11-19,Tomato_Indian,केजी,60.0,70.0,66.67
2023-11-20,Tomato_Indian,केजी,90.0,100.0,96.67
2023-11-21,Tomato_Indian,केजी,90.0,100.0,96.67
2023-11-22,Tomato_Indian,केजी,90.0,100.0,96.67
2023-11-23,Tomato_Indian,केजी,90.0,100.0,95.0
2023-11-24,Tomato_Indian,केजी,90.0,100.0,95.0
2023-11-25,Tomato_Indian,केजी,90.0,100.0,93.33
2023-11-26,Tomato_Indian,केजी,90.0,100.0,95.0
2023-11-27,Tomato_Indian,केजी,100.0,110.0,103.33
2023-11-28,Tomato_Indian,केजी,100.0,110.0,105.0
2023-11-29,Tomato_Indian,केजी,100.0,110.0,105.0
2023-11-30,Tomato_Indian,केजी,110.0,120.0,115.0
2023-12-01,Tomato_Indian,केजी,110.0,120.0,115.0
2023-12-02,Tomato_Indian,केजी,90.0,100.0,95.0
2023-12-03,Tomato_Indian,केजी,90.0,100.0,95.0
2023-12-04,Tomato_Indian,केजी,90.0,100.0,95.0
2023-12-05,Tomato_Indian,केजी,70.0,80.0,76.67
2023-12-07,Tomato_Indian,केजी,90.0,100.0,95.0
2023-12-08,Tomato_Indian,केजी,90.0,100.0,95.0
2023-12-09,Tomato_Indian,केजी,90.0,100.0,95.0
2023-12-10,Tomato_Indian,केजी,90.0,100.0,95.0
2023-12-11,Tomato_Indian,केजी,80.0,90.0,85.0
2023-12-12,Tomato_Indian,केजी,80.0,90.0,85.0
2023-12-13,Tomato_Indian,केजी,80.0,90.0,85.0
2023-12-17,Tomato_Indian,केजी,80.0,90.0,85.0
2023-12-23,Tomato_Indian,केजी,70.0,80.0,76.67
2023-12-24,Tomato_Indian,केजी,70.0,80.0,75.0
2023-12-25,Tomato_Indian,केजी,70.0,80.0,75.0
2023-12-26,Tomato_Indian,केजी,70.0,80.0,76.67
2023-12-27,Tomato_Indian,केजी,70.0,80.0,76.67
2023-12-28,Tomato_Indian,केजी,60.0,70.0,65.0
2023-12-29,Tomato_Indian,केजी,60.0,70.0,65.0
2023-12-30,Tomato_Indian,केजी,60.0,70.0,65.0
2023-12-31,Tomato_Indian,केजी,60.0,70.0,65.0
2024-01-01,Tomato_Indian,केजी,60.0,70.0,65.0
2024-01-02,Tomato_Indian,केजी,50.0,60.0,55.0
2024-01-03,Tomato_Indian,केजी,60.0,70.0,65.0
2024-01-04,Tomato_Indian,केजी,50.0,60.0,55.0
2024-01-05,Tomato_Indian,केजी,50.0,60.0,55.0
2024-01-06,Tomato_Indian,केजी,50.0,60.0,55.0
2024-01-07,Tomato_Indian,केजी,50.0,60.0,55.0
2024-01-08,Tomato_Indian,केजी,40.0,50.0,45.0
2024-01-09,Tomato_Indian,केजी,50.0,60.0,55.0
2024-01-10,Tomato_Indian,केजी,50.0,60.0,55.0
2024-01-11,Tomato_Indian,केजी,50.0,60.0,55.0
2024-01-12,Tomato_Indian,केजी,50.0,60.0,55.0
2024-01-13,Tomato_Indian,केजी,50.0,60.0,55.0
2024-01-14,Tomato_Indian,केजी,50.0,60.0,55.0
2024-01-15,Tomato_Indian,केजी,50.0,60.0,55.0
2024-01-16,Tomato_Indian,केजी,55.0,65.0,60.0
2024-01-17,Tomato_Indian,केजी,50.0,60.0,55.0
2024-01-18,Tomato_Indian,केजी,50.0,60.0,55.0
2024-01-19,Tomato_Indian,केजी,50.0,60.0,55.0
2024-01-20,Tomato_Indian,केजी,50.0,60.0,55.0
2024-01-21,Tomato_Indian,केजी,50.0,60.0,55.0
2024-01-22,Tomato_Indian,केजी,50.0,60.0,55.0
2024-01-23,Tomato_Indian,केजी,50.0,60.0,55.0
2024-01-24,Tomato_Indian,केजी,50.0,60.0,55.0
2024-01-25,Tomato_Indian,केजी,60.0,70.0,65.0
2024-01-26,Tomato_Indian,केजी,60.0,70.0,65.0
2024-01-27,Tomato_Indian,केजी,60.0,70.0,65.0
2024-01-28,Tomato_Indian,केजी,60.0,70.0,65.0
2024-01-29,Tomato_Indian,केजी,70.0,80.0,75.0
2024-01-30,Tomato_Indian,केजी,70.0,80.0,75.0
2024-01-31,Tomato_Indian,केजी,70.0,80.0,75.0
2024-02-01,Tomato_Indian,केजी,60.0,70.0,65.0
2024-02-02,Tomato_Indian,केजी,70.0,80.0,75.0
2024-02-03,Tomato_Indian,केजी,70.0,80.0,75.0
2024-02-04,Tomato_Indian,केजी,70.0,80.0,75.0
2024-02-05,Tomato_Indian,केजी,70.0,80.0,75.0
2024-02-06,Tomato_Indian,केजी,70.0,80.0,75.0
2024-02-08,Tomato_Indian,केजी,90.0,100.0,95.0
2024-02-09,Tomato_Indian,केजी,80.0,90.0,85.0
2024-02-10,Tomato_Indian,केजी,90.0,100.0,95.0
2024-02-11,Tomato_Indian,केजी,80.0,90.0,85.0
2024-02-12,Tomato_Indian,केजी,80.0,90.0,85.0
2024-02-13,Tomato_Indian,केजी,90.0,100.0,95.0
2024-02-14,Tomato_Indian,केजी,80.0,90.0,85.0
2024-02-15,Tomato_Indian,केजी,70.0,80.0,75.0
2024-02-16,Tomato_Indian,केजी,70.0,80.0,75.0
2024-02-17,Tomato_Indian,केजी,60.0,70.0,66.67
2024-02-18,Tomato_Indian,केजी,60.0,70.0,65.0
2024-02-19,Tomato_Indian,केजी,60.0,70.0,65.0
2024-02-20,Tomato_Indian,केजी,70.0,80.0,75.0
2024-02-21,Tomato_Indian,केजी,60.0,70.0,65.0
2024-02-22,Tomato_Indian,केजी,60.0,70.0,65.0
2024-02-23,Tomato_Indian,केजी,60.0,70.0,65.0
2024-02-24,Tomato_Indian,केजी,60.0,70.0,65.0
2024-02-25,Tomato_Indian,केजी,60.0,70.0,65.0
2024-02-26,Tomato_Indian,केजी,60.0,70.0,65.0
2024-02-27,Tomato_Indian,केजी,60.0,70.0,65.0
2024-02-28,Tomato_Indian,केजी,60.0,70.0,65.0
2024-02-29,Tomato_Indian,केजी,60.0,70.0,65.0
2024-03-01,Tomato_Indian,केजी,60.0,70.0,65.0
2024-03-02,Tomato_Indian,केजी,60.0,70.0,65.0
2024-03-04,Tomato_Indian,केजी,60.0,70.0,65.0
2024-03-05,Tomato_Indian,केजी,60.0,70.0,65.0
2024-03-06,Tomato_Indian,केजी,60.0,70.0,65.0
2024-03-07,Tomato_Indian,केजी,70.0,80.0,75.0
2024-03-08,Tomato_Indian,केजी,70.0,80.0,75.0
2024-03-09,Tomato_Indian,केजी,70.0,80.0,75.0
2024-03-10,Tomato_Indian,केजी,70.0,80.0,75.0
2024-03-11,Tomato_Indian,केजी,70.0,80.0,75.0
2024-03-12,Tomato_Indian,केजी,60.0,70.0,65.0
2024-03-13,Tomato_Indian,केजी,50.0,60.0,55.0
2024-03-14,Tomato_Indian,केजी,70.0,80.0,75.0
2024-03-15,Tomato_Indian,केजी,60.0,70.0,65.0
2024-03-16,Tomato_Indian,केजी,60.0,70.0,65.0
2024-03-17,Tomato_Indian,केजी,60.0,70.0,65.0
2024-03-18,Tomato_Indian,केजी,60.0,70.0,65.0
2024-03-19,Tomato_Indian,केजी,60.0,70.0,65.0
2024-03-20,Tomato_Indian,केजी,60.0,70.0,65.0
2024-03-21,Tomato_Indian,केजी,70.0,80.0,75.0
2024-03-22,Tomato_Indian,केजी,70.0,80.0,75.0
2024-03-23,Tomato_Indian,केजी,80.0,90.0,86.67
2024-03-24,Tomato_Indian,केजी,70.0,80.0,75.0
2024-03-25,Tomato_Indian,केजी,70.0,80.0,76.67
2024-03-26,Tomato_Indian,केजी,70.0,80.0,75.0
2024-03-27,Tomato_Indian,केजी,70.0,80.0,75.0
2024-03-28,Tomato_Indian,केजी,70.0,80.0,75.0
2024-03-29,Tomato_Indian,केजी,70.0,80.0,75.0
2024-03-30,Tomato_Indian,केजी,70.0,80.0,75.0
2024-03-31,Tomato_Indian,केजी,70.0,80.0,75.0
2024-04-01,Tomato_Indian,केजी,70.0,80.0,75.0
2024-04-02,Tomato_Indian,केजी,60.0,70.0,65.0
2024-04-03,Tomato_Indian,केजी,70.0,80.0,75.0
2024-04-04,Tomato_Indian,केजी,60.0,70.0,65.0
2024-04-05,Tomato_Indian,केजी,60.0,70.0,65.0
2024-04-06,Tomato_Indian,केजी,70.0,80.0,76.67
2024-04-07,Tomato_Indian,केजी,70.0,80.0,73.75
2024-04-08,Tomato_Indian,केजी,70.0,80.0,75.0
2024-04-09,Tomato_Indian,केजी,70.0,80.0,75.0
2024-04-10,Tomato_Indian,केजी,60.0,70.0,66.67
2024-04-11,Tomato_Indian,केजी,60.0,70.0,65.0
2024-04-12,Tomato_Indian,केजी,70.0,80.0,75.0
2024-04-13,Tomato_Indian,केजी,70.0,80.0,75.0
2024-04-14,Tomato_Indian,केजी,70.0,80.0,75.0
2024-04-15,Tomato_Indian,केजी,60.0,70.0,65.0
2024-04-16,Tomato_Indian,केजी,60.0,70.0,65.0
2024-04-17,Tomato_Indian,केजी,60.0,70.0,65.0
2024-04-18,Tomato_Indian,केजी,60.0,70.0,65.0
2024-04-19,Tomato_Indian,केजी,60.0,70.0,65.0
2024-04-20,Tomato_Indian,केजी,60.0,70.0,65.0
2024-04-21,Tomato_Indian,केजी,60.0,70.0,65.0
2024-04-22,Tomato_Indian,केजी,60.0,70.0,65.0
2024-04-23,Tomato_Indian,केजी,60.0,70.0,65.0
2024-04-24,Tomato_Indian,केजी,60.0,70.0,65.0
2024-04-25,Tomato_Indian,केजी,70.0,80.0,76.67
2024-04-26,Tomato_Indian,केजी,70.0,80.0,76.67
2024-04-27,Tomato_Indian,केजी,70.0,80.0,75.0
2024-04-28,Tomato_Indian,केजी,60.0,70.0,65.0
2024-04-29,Tomato_Indian,केजी,60.0,70.0,65.0
2024-04-30,Tomato_Indian,केजी,60.0,70.0,65.0
2024-05-01,Tomato_Indian,केजी,60.0,70.0,65.0
2024-05-02,Tomato_Indian,केजी,60.0,70.0,65.0
2024-05-03,Tomato_Indian,केजी,60.0,70.0,65.0
2024-05-04,Tomato_Indian,केजी,60.0,70.0,65.0
2024-05-05,Tomato_Indian,केजी,60.0,70.0,65.0
2024-05-06,Tomato_Indian,केजी,60.0,70.0,65.0
2024-05-07,Tomato_Indian,केजी,60.0,70.0,65.0
2024-05-08,Tomato_Indian,केजी,60.0,70.0,65.0
2024-05-10,Tomato_Indian,केजी,60.0,70.0,65.0
2024-05-11,Tomato_Indian,केजी,70.0,80.0,76.67
2024-05-12,Tomato_Indian,केजी,70.0,80.0,75.0
2024-05-13,Tomato_Indian,केजी,60.0,70.0,65.0
2024-05-14,Tomato_Indian,केजी,60.0,70.0,65.0
2024-05-15,Tomato_Indian,केजी,60.0,70.0,65.0
2024-05-16,Tomato_Indian,केजी,60.0,70.0,65.0
2024-05-17,Tomato_Indian,केजी,70.0,80.0,75.0
2024-05-18,Tomato_Indian,केजी,60.0,70.0,65.0
2024-05-19,Tomato_Indian,केजी,65.0,80.0,71.67
2024-05-20,Tomato_Indian,केजी,60.0,70.0,65.0
2024-05-21,Tomato_Indian,केजी,60.0,70.0,66.67
2024-05-22,Tomato_Indian,केजी,60.0,70.0,65.0
2024-05-23,Tomato_Indian,केजी,50.0,60.0,55.0
2024-05-24,Tomato_Indian,केजी,40.0,50.0,45.0
2024-05-25,Tomato_Indian,केजी,50.0,60.0,56.67
2024-05-26,Tomato_Indian,केजी,50.0,60.0,55.0
2024-05-27,Tomato_Indian,केजी,50.0,60.0,55.0
2024-05-28,Tomato_Indian,केजी,50.0,60.0,56.67
2024-05-29,Tomato_Indian,केजी,50.0,60.0,55.0
2024-05-30,Tomato_Indian,केजी,50.0,60.0,55.0
2024-05-31,Tomato_Indian,केजी,60.0,70.0,65.0
2024-06-01,Tomato_Indian,केजी,60.0,70.0,65.0
2024-06-02,Tomato_Indian,केजी,70.0,80.0,75.0
2024-06-03,Tomato_Indian,केजी,50.0,60.0,55.0
2024-06-04,Tomato_Indian,केजी,50.0,60.0,55.0
2024-06-05,Tomato_Indian,केजी,60.0,70.0,65.0
2024-06-06,Tomato_Indian,केजी,60.0,70.0,65.0
2024-06-07,Tomato_Indian,केजी,60.0,70.0,65.0
2024-06-08,Tomato_Indian,केजी,50.0,60.0,55.0
2024-06-09,Tomato_Indian,केजी,55.0,60.0,58.33
2024-06-10,Tomato_Indian,केजी,50.0,60.0,55.0
2024-06-11,Tomato_Indian,केजी,50.0,60.0,55.0
2024-06-12,Tomato_Indian,केजी,60.0,70.0,65.0
2024-06-13,Tomato_Indian,केजी,60.0,70.0,65.0
2024-06-14,Tomato_Indian,केजी,60.0,70.0,65.0
2024-06-15,Tomato_Indian,केजी,60.0,70.0,65.0
2024-06-16,Tomato_Indian,केजी,60.0,70.0,65.0
2024-06-17,Tomato_Indian,केजी,60.0,70.0,64.67
2024-06-18,Tomato_Indian,केजी,60.0,70.0,65.0
2024-07-07,Tomato_Indian,केजी,110.0,120.0,115.0
2024-07-09,Tomato_Indian,केजी,55.0,65.0,60.0
2024-07-13,Tomato_Indian,केजी,110.0,120.0,116.67
2024-07-14,Tomato_Indian,केजी,110.0,120.0,115.0
2024-07-16,Tomato_Indian,केजी,110.0,120.0,115.0
2024-07-18,Tomato_Indian,केजी,100.0,120.0,110.0
2024-07-21,Tomato_Indian,केजी,90.0,100.0,95.0
2024-08-15,Tomato_Indian,केजी,90.0,100.0,95.0
2024-08-16,Tomato_Indian,केजी,80.0,90.0,86.67
2024-08-17,Tomato_Indian,केजी,70.0,80.0,76.67
2024-08-18,Tomato_Indian,केजी,80.0,90.0,85.0
2024-08-19,Tomato_Indian,केजी,90.0,100.0,96.67
2024-08-20,Tomato_Indian,केजी,90.0,100.0,95.0
2024-08-21,Tomato_Indian,केजी,80.0,90.0,86.67
2024-08-22,Tomato_Indian,केजी,80.0,90.0,85.0
2024-08-24,Tomato_Indian,केजी,80.0,90.0,85.0
2024-08-25,Tomato_Indian,केजी,80.0,90.0,85.0
2024-08-26,Tomato_Indian,केजी,90.0,110.0,102.5
2024-08-27,Tomato_Indian,केजी,90.0,100.0,95.0
2024-08-28,Tomato_Indian,केजी,80.0,90.0,86.67
2024-08-29,Tomato_Indian,केजी,80.0,90.0,85.0
2024-08-30,Tomato_Indian,केजी,60.0,70.0,65.0
2024-08-31,Tomato_Indian,केजी,60.0,70.0,66.0
2024-09-01,Tomato_Indian,केजी,60.0,70.0,65.0
2024-09-02,Tomato_Indian,केजी,50.0,60.0,55.0
2024-09-03,Tomato_Indian,केजी,60.0,70.0,65.0
2024-09-04,Tomato_Indian,केजी,60.0,70.0,65.0
2024-09-05,Tomato_Indian,केजी,60.0,70.0,65.0
2024-09-06,Tomato_Indian,केजी,50.0,60.0,55.0
2024-09-07,Tomato_Indian,केजी,60.0,70.0,65.0
2024-09-08,Tomato_Indian,केजी,50.0,60.0,55.0
2024-09-09,Tomato_Indian,केजी,60.0,70.0,65.0
2024-09-10,Tomato_Indian,केजी,60.0,70.0,65.0
2024-09-11,Tomato_Indian,केजी,60.0,70.0,65.0
2024-09-12,Tomato_Indian,केजी,50.0,60.0,55.0
2024-09-13,Tomato_Indian,केजी,60.0,70.0,65.0
2024-09-14,Tomato_Indian,केजी,60.0,70.0,65.0
2024-09-15,Tomato_Indian,केजी,60.0,70.0,65.0
2024-09-16,Tomato_Indian,केजी,70.0,80.0,75.0
2024-09-17,Tomato_Indian,केजी,70.0,80.0,75.0
2024-09-18,Tomato_Indian,केजी,60.0,70.0,65.0
2024-09-19,Tomato_Indian,केजी,60.0,70.0,65.0
2024-09-20,Tomato_Indian,केजी,70.0,80.0,75.0
2024-09-21,Tomato_Indian,केजी,80.0,90.0,85.0
2024-09-22,Tomato_Indian,केजी,80.0,90.0,85.0
2024-09-23,Tomato_Indian,केजी,80.0,90.0,85.0
2024-09-24,Tomato_Indian,केजी,80.0,90.0,85.0
2024-09-25,Tomato_Indian,केजी,90.0,100.0,95.0
2024-09-26,Tomato_Indian,केजी,90.0,100.0,95.0
2024-09-27,Tomato_Indian,केजी,100.0,110.0,105.0
2024-09-28,Tomato_Indian,केजी,100.0,110.0,105.0
2024-09-29,Tomato_Indian,केजी,100.0,120.0,110.0
2024-09-30,Tomato_Indian,केजी,100.0,120.0,110.0
2024-10-01,Tomato_Indian,केजी,130.0,140.0,135.0
2024-10-02,Tomato_Indian,केजी,110.0,130.0,120.0
2024-10-03,Tomato_Indian,केजी,110.0,130.0,120.0
2024-10-04,Tomato_Indian,केजी,140.0,150.0,145.0
2024-10-05,Tomato_Indian,केजी,140.0,160.0,150.0
2024-10-06,Tomato_Indian,केजी,130.0,150.0,140.0
2024-10-07,Tomato_Indian,केजी,130.0,150.0,140.0
2024-10-08,Tomato_Indian,केजी,140.0,150.0,145.0
2024-10-09,Tomato_Indian,केजी,130.0,140.0,135.0
2024-10-10,Tomato_Indian,केजी,140.0,150.0,145.0
2024-10-11,Tomato_Indian,केजी,130.0,150.0,141.25
2024-10-12,Tomato_Indian,केजी,140.0,150.0,145.0
2024-10-13,Tomato_Indian,केजी,140.0,150.0,145.0
2024-10-14,Tomato_Indian,केजी,140.0,150.0,145.0
2024-10-15,Tomato_Indian,केजी,140.0,150.0,145.0
2024-10-16,Tomato_Indian,केजी,140.0,150.0,145.0
2024-10-17,Tomato_Indian,केजी,130.0,140.0,135.0
2024-10-18,Tomato_Indian,केजी,130.0,140.0,135.0
2024-10-19,Tomato_Indian,केजी,130.0,140.0,135.0
2024-10-20,Tomato_Indian,केजी,130.0,140.0,135.0
2024-10-21,Tomato_Indian,केजी,130.0,150.0,140.0
2024-10-22,Tomato_Indian,केजी,140.0,150.0,145.0
2024-10-23,Tomato_Indian,केजी,140.0,150.0,145.0
2024-10-24,Tomato_Indian,केजी,120.0,130.0,125.0
2024-10-25,Tomato_Indian,केजी,120.0,130.0,125.0
2024-10-26,Tomato_Indian,केजी,120.0,130.0,125.0
2024-10-27,Tomato_Indian,केजी,110.0,120.0,115.0
2024-10-28,Tomato_Indian,केजी,100.0,120.0,110.0
2024-10-29,Tomato_Indian,केजी,90.0,120.0,105.0
2024-10-30,Tomato_Indian,केजी,100.0,120.0,110.0
2024-10-31,Tomato_Indian,केजी,90.0,100.0,95.0
2024-11-01,Tomato_Indian,केजी,90.0,100.0,95.0
2024-11-02,Tomato_Indian,केजी,80.0,100.0,90.0
2024-11-03,Tomato_Indian,केजी,80.0,90.0,85.0
2024-11-04,Tomato_Indian,केजी,80.0,90.0,85.0
2024-11-05,Tomato_Indian,केजी,80.0,90.0,85.0
2024-11-06,Tomato_Indian,केजी,80.0,90.0,85.0
2024-11-07,Tomato_Indian,केजी,90.0,100.0,95.0
2024-11-08,Tomato_Indian,केजी,80.0,90.0,85.0
2024-11-09,Tomato_Indian,केजी,90.0,100.0,95.0
2024-11-10,Tomato_Indian,केजी,90.0,110.0,98.75
2024-11-11,Tomato_Indian,केजी,90.0,100.0,95.0
2024-11-12,Tomato_Indian,केजी,90.0,100.0,95.0
2024-11-13,Tomato_Indian,केजी,90.0,100.0,95.0
2024-11-14,Tomato_Indian,केजी,90.0,100.0,95.0
2024-11-15,Tomato_Indian,केजी,90.0,100.0,95.0
2024-11-16,Tomato_Indian,केजी,90.0,100.0,95.0
2024-11-17,Tomato_Indian,केजी,90.0,100.0,95.0
2024-11-18,Tomato_Indian,केजी,90.0,100.0,95.0
2024-11-20,Tomato_Indian,केजी,90.0,100.0,95.0
2024-11-21,Tomato_Indian,केजी,90.0,100.0,95.0
2024-11-22,Tomato_Indian,केजी,90.0,100.0,95.0
2024-11-23,Tomato_Indian,केजी,90.0,100.0,95.0
2024-11-24,Tomato_Indian,केजी,90.0,100.0,95.0
2024-11-25,Tomato_Indian,केजी,90.0,100.0,95.0
2024-11-26,Tomato_Indian,केजी,90.0,100.0,95.0
2024-11-27,Tomato_Indian,केजी,90.0,100.0,95.0
2024-11-28,Tomato_Indian,केजी,90.0,100.0,95.0
2024-11-29,Tomato_Indian,केजी,90.0,100.0,95.0
2024-11-30,Tomato_Indian,केजी,90.0,100.0,95.0
2024-12-01,Tomato_Indian,केजी,80.0,100.0,90.0
2024-12-02,Tomato_Indian,केजी,90.0,100.0,95.0
2024-12-03,Tomato_Indian,केजी,90.0,100.0,95.0
2024-12-04,Tomato_Indian,केजी,90.0,100.0,95.0
2024-12-05,Tomato_Indian,केजी,90.0,100.0,95.0
2024-12-06,Tomato_Indian,केजी,90.0,100.0,95.0
2024-12-07,Tomato_Indian,केजी,90.0,100.0,95.0
2024-12-08,Tomato_Indian,केजी,90.0,100.0,95.0
2024-12-09,Tomato_Indian,केजी,90.0,100.0,95.0
2024-12-10,Tomato_Indian,केजी,90.0,100.0,95.0
2024-12-11,Tomato_Indian,केजी,90.0,100.0,95.0
2024-12-12,Tomato_Indian,केजी,90.0,100.0,95.0
2024-12-13,Tomato_Indian,केजी,90.0,100.0,95.0
2024-12-14,Tomato_Indian,केजी,90.0,100.0,95.0
2024-12-15,Tomato_Indian,केजी,90.0,100.0,95.0
2024-12-16,Tomato_Indian,केजी,90.0,100.0,95.0
2024-12-17,Tomato_Indian,केजी,90.0,100.0,95.0
2024-12-18,Tomato_Indian,केजी,90.0,100.0,95.0
2024-12-19,Tomato_Indian,केजी,90.0,100.0,95.0
2024-12-20,Tomato_Indian,केजी,90.0,100.0,95.0
2024-12-21,Tomato_Indian,केजी,90.0,100.0,95.0
2024-12-22,Tomato_Indian,केजी,90.0,100.0,95.0
2024-12-23,Tomato_Indian,केजी,90.0,100.0,95.0
2024-12-24,Tomato_Indian,केजी,80.0,90.0,85.0
2024-12-25,Tomato_Indian,केजी,80.0,90.0,85.0
2024-12-26,Tomato_Indian,केजी,80.0,90.0,85.0
2024-12-27,Tomato_Indian,केजी,80.0,90.0,85.0
2024-12-28,Tomato_Indian,केजी,80.0,90.0,85.0
2024-12-29,Tomato_Indian,केजी,80.0,90.0,85.0
2024-12-30,Tomato_Indian,केजी,80.0,90.0,85.0
2024-12-31,Tomato_Indian,केजी,80.0,90.0,85.0
2025-01-01,Tomato_Indian,केजी,80.0,90.0,85.0
2025-01-02,Tomato_Indian,केजी,80.0,90.0,85.0
2025-01-03,Tomato_Indian,केजी,80.0,90.0,85.0
2025-01-04,Tomato_Indian,केजी,80.0,90.0,85.0
2025-01-05,Tomato_Indian,केजी,80.0,90.0,85.0
2025-01-06,Tomato_Indian,केजी,70.0,80.0,75.0
2025-01-07,Tomato_Indian,केजी,70.0,80.0,75.0
2025-01-08,Tomato_Indian,केजी,60.0,70.0,65.0
2025-01-09,Tomato_Indian,केजी,70.0,80.0,75.0
2025-01-10,Tomato_Indian,केजी,60.0,70.0,65.0
2025-01-11,Tomato_Indian,केजी,70.0,80.0,75.0
2025-01-12,Tomato_Indian,केजी,60.0,70.0,65.0
2025-01-13,Tomato_Indian,केजी,60.0,70.0,65.0
2025-01-14,Tomato_Indian,केजी,60.0,70.0,65.0
2025-01-15,Tomato_Indian,केजी,60.0,70.0,65.0
2025-01-16,Tomato_Indian,केजी,60.0,70.0,65.0
2025-01-17,Tomato_Indian,केजी,60.0,70.0,65.0
2025-01-18,Tomato_Indian,केजी,60.0,70.0,65.0
2025-01-19,Tomato_Indian,केजी,60.0,70.0,65.0
2025-01-20,Tomato_Indian,केजी,60.0,70.0,65.0
2025-01-21,Tomato_Indian,केजी,60.0,70.0,65.0
2025-01-22,Tomato_Indian,केजी,60.0,70.0,65.0
2025-01-23,Tomato_Indian,केजी,60.0,70.0,65.0
2025-01-24,Tomato_Indian,केजी,60.0,70.0,65.0
2025-01-25,Tomato_Indian,केजी,60.0,70.0,65.0
2025-01-26,Tomato_Indian,केजी,60.0,70.0,65.0
2025-01-27,Tomato_Indian,केजी,60.0,70.0,65.0
2025-01-28,Tomato_Indian,केजी,60.0,70.0,65.0
2025-01-29,Tomato_Indian,केजी,60.0,70.0,65.0
2025-01-30,Tomato_Indian,केजी,60.0,70.0,65.0
2025-01-31,Tomato_Indian,केजी,60.0,70.0,65.0
2025-02-01,Tomato_Indian,केजी,60.0,70.0,65.0
2025-02-02,Tomato_Indian,केजी,60.0,70.0,65.0
2025-02-03,Tomato_Indian,केजी,60.0,70.0,65.0
2025-02-04,Tomato_Indian,केजी,60.0,70.0,65.0
2025-02-05,Tomato_Indian,केजी,60.0,70.0,65.0
2025-02-06,Tomato_Indian,केजी,50.0,60.0,55.0
2025-02-07,Tomato_Indian,केजी,50.0,60.0,55.0
2025-02-08,Tomato_Indian,केजी,50.0,60.0,55.0
2025-02-09,Tomato_Indian,केजी,50.0,60.0,55.0
2025-02-10,Tomato_Indian,केजी,50.0,60.0,55.0
2025-02-11,Tomato_Indian,केजी,50.0,60.0,55.0
2025-02-12,Tomato_Indian,केजी,50.0,60.0,55.0
2025-02-13,Tomato_Indian,केजी,50.0,60.0,55.0
2025-02-14,Tomato_Indian,केजी,50.0,60.0,55.0
2025-02-15,Tomato_Indian,केजी,50.0,60.0,55.0
2025-02-16,Tomato_Indian,केजी,50.0,60.0,55.0
2025-02-17,Tomato_Indian,केजी,50.0,60.0,55.0
2025-02-18,Tomato_Indian,केजी,50.0,60.0,55.0
2025-02-19,Tomato_Indian,केजी,50.0,60.0,55.0
2025-02-20,Tomato_Indian,केजी,50.0,60.0,55.0
2025-02-21,Tomato_Indian,केजी,50.0,60.0,55.0
2025-02-22,Tomato_Indian,केजी,40.0,50.0,45.0
2025-02-23,Tomato_Indian,केजी,40.0,50.0,45.0
2025-02-24,Tomato_Indian,केजी,40.0,50.0,45.0
2025-02-25,Tomato_Indian,केजी,40.0,50.0,45.0
2025-02-26,Tomato_Indian,केजी,50.0,60.0,55.0
2025-02-27,Tomato_Indian,केजी,50.0,60.0,55.0
2025-02-28,Tomato_Indian,केजी,50.0,60.0,55.0
2025-03-01,Tomato_Indian,केजी,50.0,60.0,55.0
2025-03-02,Tomato_Indian,केजी,50.0,60.0,55.0
2025-03-03,Tomato_Indian,केजी,50.0,60.0,55.0
2025-03-05,Tomato_Indian,केजी,40.0,50.0,45.0
2025-03-06,Tomato_Indian,केजी,40.0,50.0,45.0
2025-03-07,Tomato_Indian,केजी,40.0,50.0,45.0
2025-03-08,Tomato_Indian,केजी,40.0,50.0,45.0
2025-03-09,Tomato_Indian,केजी,40.0,50.0,45.0
2025-03-10,Tomato_Indian,केजी,40.0,50.0,45.0
2025-03-11,Tomato_Indian,केजी,40.0,50.0,45.0
2025-03-12,Tomato_Indian,केजी,40.0,50.0,45.0
2025-03-13,Tomato_Indian,केजी,40.0,50.0,45.0
2025-03-14,Tomato_Indian,केजी,40.0,50.0,45.0
2025-03-15,Tomato_Indian,केजी,40.0,50.0,45.0
2025-03-16,Tomato_Indian,केजी,40.0,50.0,45.0
2025-03-17,Tomato_Indian,केजी,40.0,50.0,45.0
2025-03-18,Tomato_Indian,केजी,40.0,50.0,45.0
2025-03-19,Tomato_Indian,केजी,40.0,50.0,45.0
2025-03-20,Tomato_Indian,केजी,40.0,50.0,45.0
2025-03-21,Tomato_Indian,केजी,40.0,50.0,45.0
2025-03-22,Tomato_Indian,केजी,40.0,50.0,45.0
2025-03-23,Tomato_Indian,केजी,40.0,50.0,45.0
2025-03-24,Tomato_Indian,केजी,40.0,50.0,45.0
2025-03-25,Tomato_Indian,केजी,40.0,50.0,45.0
2025-03-26,Tomato_Indian,केजी,40.0,50.0,45.0
2025-03-27,Tomato_Indian,केजी,40.0,50.0,45.0
2025-03-28,Tomato_Indian,केजी,40.0,50.0,45.0
2025-03-29,Tomato_Indian,केजी,40.0,50.0,45.0
2025-03-30,Tomato_Indian,केजी,40.0,50.0,45.0
2025-03-31,Tomato_Indian,केजी,40.0,50.0,45.0
2025-04-01,Tomato_Indian,केजी,40.0,50.0,45.0
2025-04-02,Tomato_Indian,केजी,40.0,50.0,45.0
2025-04-03,Tomato_Indian,केजी,40.0,50.0,45.0
2025-04-04,Tomato_Indian,केजी,40.0,50.0,45.0
2025-04-05,Tomato_Indian,केजी,40.0,50.0,45.0
2025-04-06,Tomato_Indian,केजी,40.0,50.0,45.0
2025-04-07,Tomato_Indian,केजी,40.0,50.0,45.0
2025-04-08,Tomato_Indian,केजी,40.0,50.0,45.0
2025-04-09,Tomato_Indian,केजी,40.0,50.0,45.0
2025-04-10,Tomato_Indian,केजी,40.0,50.0,45.0
2025-04-11,Tomato_Indian,केजी,40.0,50.0,45.0
2025-04-12,Tomato_Indian,केजी,40.0,50.0,45.0
2025-04-13,Tomato_Indian,केजी,40.0,50.0,45.0
2025-04-14,Tomato_Indian,केजी,40.0,50.0,45.0
2025-04-15,Tomato_Indian,केजी,40.0,50.0,45.0
2025-04-16,Tomato_Indian,केजी,40.0,50.0,45.0
2025-04-17,Tomato_Indian,केजी,40.0,50.0,45.0
2025-04-18,Tomato_Indian,केजी,40.0,50.0,45.0
2025-04-19,Tomato_Indian,केजी,40.0,50.0,45.0
2025-04-20,Tomato_Indian,केजी,50.0,60.0,55.0
2025-04-21,Tomato_Indian,केजी,50.0,60.0,55.0
2025-04-22,Tomato_Indian,केजी,50.0,60.0,55.0
2025-04-23,Tomato_Indian,केजी,50.0,60.0,55.0
2025-04-24,Tomato_Indian,केजी,50.0,60.0,55.0
2025-04-25,Tomato_Indian,केजी,50.0,60.0,55.0
2025-04-26,Tomato_Indian,केजी,50.0,60.0,55.0
2025-04-27,Tomato_Indian,केजी,50.0,60.0,55.0
2025-04-28,Tomato_Indian,केजी,50.0,60.0,55.0
2025-04-29,Tomato_Indian,केजी,50.0,60.0,55.0
2025-04-30,Tomato_Indian,केजी,50.0,60.0,55.0
2025-05-01,Tomato_Indian,केजी,50.0,60.0,55.0
2025-05-02,Tomato_Indian,केजी,50.0,60.0,55.0
2025-05-03,Tomato_Indian,केजी,50.0,60.0,55.0
2025-05-04,Tomato_Indian,केजी,50.0,60.0,55.0
2025-05-05,Tomato_Indian,केजी,60.0,70.0,65.0
2025-05-06,Tomato_Indian,केजी,60.0,70.0,65.0
2025-05-07,Tomato_Indian,केजी,60.0,70.0,65.0
2025-05-08,Tomato_Indian,केजी,60.0,70.0,65.0
2025-05-09,Tomato_Indian,केजी,60.0,70.0,65.0
2025-05-10,Tomato_Indian,केजी,60.0,70.0,65.0
2025-05-11,Tomato_Indian,केजी,60.0,70.0,65.0
2025-05-12,Tomato_Indian,केजी,60.0,70.0,65.0
2025-05-13,Tomato_Indian,केजी,60.0,70.0,65.0
2025-05-14,Tomato_Indian,केजी,60.0,70.0,65.0
2025-05-15,Tomato_Indian,केजी,60.0,70.0,65.0
2025-05-16,Tomato_Indian,केजी,60.0,70.0,65.0
2025-05-17,Tomato_Indian,केजी,60.0,70.0,65.0
2025-05-18,Tomato_Indian,केजी,60.0,70.0,65.0
2025-05-19,Tomato_Indian,केजी,60.0,70.0,65.0
2025-05-20,Tomato_Indian,केजी,60.0,70.0,65.0
2025-05-21,Tomato_Indian,केजी,50.0,60.0,55.0
2025-05-22,Tomato_Indian,केजी,50.0,60.0,55.0
2025-05-23,Tomato_Indian,केजी,35.0,40.0,37.67
2025-05-24,Tomato_Indian,केजी,35.0,40.0,37.33
2025-05-25,Tomato_Indian,केजी,50.0,60.0,55.0
2025-05-26,Tomato_Indian,केजी,45.0,55.0,50.0
2025-05-27,Tomato_Indian,केजी,50.0,60.0,55.0
2025-05-28,Tomato_Indian,केजी,50.0,60.0,55.0
2025-05-29,Tomato_Indian,केजी,50.0,60.0,55.0
2025-05-30,Tomato_Indian,केजी,50.0,60.0,55.0
2025-05-31,Tomato_Indian,केजी,50.0,60.0,55.0
2025-06-01,Tomato_Indian,केजी,50.0,60.0,55.0
2025-06-02,Tomato_Indian,केजी,55.0,65.0,60.0
2025-06-03,Tomato_Indian,केजी,55.0,65.0,60.0
2025-06-04,Tomato_Indian,केजी,55.0,65.0,60.0
2025-06-05,Tomato_Indian,केजी,60.0,70.0,65.0
2025-06-06,Tomato_Indian,केजी,69.0,79.0,74.75
2025-06-07,Tomato_Indian,केजी,70.0,80.0,75.0
2025-06-08,Tomato_Indian,केजी,70.0,80.0,75.4
2025-06-09,Tomato_Indian,केजी,70.0,80.0,75.25
2025-06-10,Tomato_Indian,केजी,70.0,80.0,75.0
2025-06-11,Tomato_Indian,केजी,100.0,110.0,104.25
2025-06-12,Tomato_Indian,केजी,90.0,100.0,96.2
2025-06-13,Tomato_Indian,केजी,70.0,80.0,73.8
2025-06-14,Tomato_Indian,केजी,75.0,85.0,80.0
2025-06-15,Tomato_Indian,केजी,90.0,100.0,94.25
2025-06-16,Tomato_Indian,केजी,90.0,100.0,97.0
2025-06-17,Tomato_Indian,केजी,90.0,100.0,95.0
2025-06-18,Tomato_Indian,केजी,90.0,100.0,95.0
2025-06-19,Tomato_Indian,केजी,85.0,95.0,88.4
2025-06-20,Tomato_Indian,केजी,85.0,95.0,90.0
2025-06-21,Tomato_Indian,केजी,80.0,95.0,87.5
2025-06-22,Tomato_Indian,केजी,80.0,90.0,85.6
2025-06-23,Tomato_Indian,केजी,80.0,90.0,85.0
2025-06-24,Tomato_Indian,केजी,75.0,85.0,80.4
2025-06-25,Tomato_Indian,केजी,75.0,85.0,80.0
2025-07-23,Tomato_Indian,केजी,55.0,60.0,58.25
2025-07-26,Tomato_Indian,केजी,50.0,60.0,55.0
2025-08-04,Tomato_Indian,केजी,50.0,60.0,56.25
2025-08-09,Tomato_Indian,केजी,60.0,70.0,65.0
2025-08-28,Tomato_Indian,केजी,80.0,90.0,85.0
2025-08-29,Tomato_Indian,केजी,75.0,85.0,82.0
2025-08-30,Tomato_Indian,केजी,75.0,85.0,80.0
2025-08-31,Tomato_Indian,केजी,75.0,85.0,80.0
2025-09-01,Tomato_Indian,केजी,70.0,80.0,75.0
2025-09-02,Tomato_Indian,केजी,75.0,80.0,78.0
2025-09-03,Tomato_Indian,केजी,70.0,75.0,72.8
2025-09-04,Tomato_Indian,केजी,70.0,75.0,73.0
2025-09-05,Tomato_Indian,केजी,70.0,80.0,77.0
2025-09-06,Tomato_Indian,केजी,70.0,80.0,75.0
2025-09-07,Tomato_Indian,केजी,70.0,80.0,74.75
2025-09-08,Tomato_Indian,केजी,70.0,80.0,74.75
2025-09-09,Tomato_Indian,केजी,70.0,80.0,75.0
2025-09-11,Tomato_Indian,केजी,70.0,80.0,75.0
2025-09-12,Tomato_Indian,केजी,70.0,80.0,75.0
2025-09-13,Tomato_Indian,केजी,70.0,80.0,75.0
2025-09-14,Tomato_Indian,केजी,70.0,80.0,77.0
2025-09-15,Tomato_Indian,केजी,70.0,80.0,75.0
2025-09-16,Tomato_Indian,केजी,70.0,80.0,75.0
2025-09-17,Tomato_Indian,केजी,70.0,80.0,75.0
2025-09-18,Tomato_Indian,केजी,70.0,80.0,75.0
2025-09-19,Tomato_Indian,केजी,70.0,80.0,75.0
2025-09-20,Tomato_Indian,केजी,70.0,80.0,75.0
2025-09-21,Tomato_Indian,केजी,60.0,70.0,66.4
2025-09-22,Tomato_Indian,केजी,65.0,75.0,68.0
2025-09-23,Tomato_Indian,केजी,60.0,70.0,66.0
2025-09-24,Tomato_Indian,केजी,60.0,70.0,65.2
2025-09-25,Tomato_Indian,केजी,60.0,70.0,65.0
2025-09-26,Tomato_Indian,केजी,60.0,70.0,65.6
2025-09-27,Tomato_Indian,केजी,60.0,70.0,65.0
2025-09-28,Tomato_Indian,केजी,70.0,80.0,75.0
2025-09-29,Tomato_Indian,केजी,70.0,80.0,75.0
2025-09-30,Tomato_Indian,केजी,70.0,80.0,75.0
2025-10-01,Tomato_Indian,केजी,70.0,80.0,75.0
2025-10-02,Tomato_Indian,केजी,70.0,80.0,75.0
2025-10-03,Tomato_Indian,केजी,70.0,80.0,75.0
2025-10-04,Tomato_Indian,केजी,70.0,80.0,75.0
2025-10-05,Tomato_Indian,केजी,70.0,80.0,75.0
2025-10-06,Tomato_Indian,केजी,70.0,80.0,75.0
2025-10-07,Tomato_Indian,केजी,70.0,80.0,75.0
2025-10-08,Tomato_Indian,केजी,70.0,75.0,73.0
2025-10-09,Tomato_Indian,केजी,70.0,80.0,75.0
2025-10-10,Tomato_Indian,केजी,70.0,80.0,75.0
2025-10-11,Tomato_Indian,केजी,70.0,80.0,75.0
2025-10-12,Tomato_Indian,केजी,70.0,80.0,75.0
2025-10-13,Tomato_Indian,केजी,70.0,80.0,73.6
2025-10-14,Tomato_Indian,केजी,70.0,80.0,73.75
2025-10-15,Tomato_Indian,केजी,60.0,70.0,67.4
2025-10-16,Tomato_Indian,केजी,60.0,70.0,64.4
2025-10-17,Tomato_Indian,केजी,57.0,66.0,62.8
2025-10-18,Tomato_Indian,केजी,57.0,66.0,62.8
2025-10-19,Tomato_Indian,केजी,52.0,62.0,57.25
2025-10-20,Tomato_Indian,केजी,52.0,62.0,57.25
